<?xml version="1.0" encoding="UTF-8"?>

<!--
/* * * * * * * * * * * * * * * * * * * * * * * * * * * * * * * * * * * * * * *
  Copyright (c) 2010 LandMark Group.    All Rights Reserved.
* * * * * * * * * * * * * * * * * * * * * * * * * * * * * * * * * * * * * * */
-->


<export>

	<header>
		<elements>Invoice_Number</elements>
		<elements>Delivery_Type</elements>
		<elements>Delivery_Slot</elements>
		<elements>Delivery_Area</elements>
		<elements>Delivery_Date</elements>
		<elements>Customer_Contact_No</elements>
		<elements>Add_matt_info</elements>
		<elements>Customer_Id</elements>
		<elements>Customer_Name</elements>
		<elements>Item</elements>
		<elements>Item_Quantity</elements>
		<elements>Store</elements>
		<elements>Sale_Cancel_Flag</elements>
		<elements>Original_Invoice_Number</elements><!-- Newly  Added-->
		<elements>Invoice_Date</elements> 
</header>
	<tables>
		
	 <!--
	  <query sqlquery = "TRUE">                        
        <sql>SELECT * from tr_trn</sql>
     </query>
      -->

       <query sqlquery = "FALSE">            
		
		<table name="WH_DEL_DTL">
			<column>
				<filecolumn>Column 1</filecolumn>
				<columnname>WH_DEL_DTL.NUM_INV||substr(WH_DEL_DTL.DC_DY_BSN,1,4)||substr(WH_DEL_DTL.DC_DY_BSN,6,2)||substr(WH_DEL_DTL.DC_DY_BSN,9,2) as NUM_INV</columnname>
			</column>
			<column>
				<filecolumn>Column 2</filecolumn>
				<columnname>WH_DEL_DTL.TY_DEL</columnname>
			</column>
			<column>
				<filecolumn>Column 3</filecolumn>
				<columnname>WH_DEL_DTL.SL_DEL</columnname>
			</column>
			<column>
				<filecolumn>Column 4</filecolumn>
				<columnname>WH_DEL_DTL.CI_DEL</columnname>
			</column>
			<column>
				<filecolumn>Column 5</filecolumn>
				<columnname>WH_DEL_DTL.DC_DEL</columnname>
			</column>
			<column>
				<filecolumn>Column 6</filecolumn>
				<columnname>WH_DEL_DTL.TL_CNCT</columnname>
			</column>
			<column>
				<filecolumn>Column 7</filecolumn>
				<columnname>substr(WH_DEL_DTL.DIR_SPL,1,15) as DIR_SPL</columnname>
			</column>
		</table>

		<table name="PA_CT">
			<column>
				<filecolumn>Column 8</filecolumn>
				<columnname>PA_CT.ID_CT</columnname>
			</column>
			<column>
				<filecolumn>Column 9</filecolumn>
				<columnname>PA_CT.NM_CT</columnname>
			</column>
		</table>
		
		<table name="TR_LTM_SLS_RTN">
		<column>
				<filecolumn>Column 10</filecolumn>
				<columnname>TR_LTM_SLS_RTN.ID_ITM</columnname>
			</column>
			<!--<column>
				<filecolumn>Column 11</filecolumn>
				<columnname>TR_LTM_SLS_RTN.QU_ITM_LM_RTN_SLS</columnname>
			</column> 
			-->
			<column>
				<filecolumn>Column 11</filecolumn>
				<columnname>ABS(TR_LTM_SLS_RTN.QU_ITM_LM_RTN_SLS) as QU_ITM_LM_RTN_SLS</columnname>
			</column>
			<column>
				<filecolumn>Column 12</filecolumn>
				<columnname>TR_LTM_SLS_RTN.ID_STR_RT</columnname>
			</column>
			<column>
				<filecolumn>Column 13</filecolumn>
				<columnname>TR_LTM_SLS_RTN.RE_SL_FLG</columnname>
			</column>
			<!--<column>
				<filecolumn>Column 14</filecolumn>
				<columnname>decode(TR_LTM_SLS_RTN.ID_TRN_ORG, null, null, TR_LTM_SLS_RTN.ID_TRN_ORG ||substr(TR_LTM_SLS_RTN.DC_DY_BSN,1,4)||substr(TR_LTM_SLS_RTN.DC_DY_BSN,6,2)||substr(TR_LTM_SLS_RTN.DC_DY_BSN,9,2)) as ID_TRN_ORG</columnname>
			</column>-->
			<column>
				<filecolumn>Column 14</filecolumn>
				<columnname> case when TR_LTM_SLS_RTN.ID_TRN_ORG IS NULL and TR_LTM_SLS_RTN.RE_SL_FLG='C' then TR_LTM_SLS_RTN.ID_STR_RT || TR_LTM_SLS_RTN.ID_WS || case when length (TR_LTM_SLS_RTN.AI_TRN)= 1 then '000'|| TR_LTM_SLS_RTN.AI_TRN when length(TR_LTM_SLS_RTN.AI_TRN)= 2 then '00'|| TR_LTM_SLS_RTN.AI_TRN when length (TR_LTM_SLS_RTN.AI_TRN)= 3 then '0' || TR_LTM_SLS_RTN.AI_TRN  end || substr(TR_LTM_SLS_RTN.DC_DY_BSN,1,4) || substr(TR_LTM_SLS_RTN.DC_DY_BSN,6,2)|| substr(TR_LTM_SLS_RTN.DC_DY_BSN,9,2) else decode(TR_LTM_SLS_RTN.ID_TRN_ORG, null, null, TR_LTM_SLS_RTN.ID_TRN_ORG || substr(TR_LTM_SLS_RTN.DC_DY_BSN_ORG,1,4)|| substr(TR_LTM_SLS_RTN.DC_DY_BSN_ORG,6,2)|| substr(TR_LTM_SLS_RTN.DC_DY_BSN_ORG,9,2)) end as ID_TRN_ORG </columnname>
            </column>
			
		</table>
		
		<table name="TR_TRN">
			<column>
				<filecolumn>Column 15</filecolumn>
				<columnname>TR_TRN.DC_DY_BSN</columnname>
			</column>
		</table>
			
</query>

		<associations>
			<association type="CLOSE">
			
				<JOIN>
					<tablename>WH_DEL_DTL</tablename>
					<colname>ID_CT</colname>

					<jointablename>PA_CT</jointablename>
					<joincolname>ID_CT</joincolname>
				</JOIN>
				
				<JOIN>
					<tablename>WH_DEL_DTL</tablename>
					<colname>AI_TRN</colname>

					<jointablename>TR_LTM_SLS_RTN</jointablename>
					<joincolname>AI_TRN</joincolname>
				</JOIN>
				
				<JOIN>
					<tablename>WH_DEL_DTL</tablename>
					<colname>AI_LN_ITM</colname>

					<jointablename>TR_LTM_SLS_RTN</jointablename>
					<joincolname>AI_LN_ITM</joincolname>
				</JOIN>
				
				<JOIN>
					<tablename>TR_LTM_SLS_RTN</tablename>
					<colname>ID_STR_RT</colname>

					<jointablename>TR_TRN</jointablename>
					<joincolname>ID_STR_RT</joincolname>
				</JOIN>
				
				<JOIN>
					<tablename>TR_LTM_SLS_RTN</tablename>
					<colname>ID_WS</colname>

					<jointablename>TR_TRN</jointablename>
					<joincolname>ID_WS</joincolname>
				</JOIN>
				
				<JOIN>
					<tablename>TR_LTM_SLS_RTN</tablename>
					<colname>DC_DY_BSN</colname>

					<jointablename>TR_TRN</jointablename>
					<joincolname>DC_DY_BSN</joincolname>
				</JOIN>
				
				<JOIN>
					<tablename>TR_LTM_SLS_RTN</tablename>
					<colname>AI_TRN</colname>

					<jointablename>TR_TRN</jointablename>
					<joincolname>AI_TRN</joincolname>
				</JOIN>
				
				<JOIN>
				<tablename>WH_DEL_DTL</tablename>
				<colname>ID_WS</colname>
				<jointablename>TR_TRN</jointablename>
				<joincolname>ID_WS</joincolname>
				</JOIN>
			
			<JOIN>
				<tablename>WH_DEL_DTL</tablename>
				<colname>ID_STR_RT</colname>
				<jointablename>TR_TRN</jointablename>
				<joincolname>ID_STR_RT</joincolname>
			</JOIN>
			
			<JOIN>
				<tablename>WH_DEL_DTL</tablename>
				<colname>AI_TRN</colname>
				<jointablename>TR_TRN</jointablename>
				<joincolname>AI_TRN</joincolname>
			</JOIN>
			
			<JOIN>
				<tablename>WH_DEL_DTL</tablename>
				<colname>DC_DY_BSN</colname>

				<jointablename>TR_TRN</jointablename>
				<joincolname>DC_DY_BSN</joincolname>
			</JOIN>
				
				
			</association>
			
			 <association type="OPEN">
			 
			 	<openjoin>
					<openjointablename>TR_TRN</openjointablename>
					<openjoincolumnname>FL_TRG_TRN</openjoincolumnname>
					<operator>=</operator>
					<openjoinvalue>0</openjoinvalue>
				</openjoin>

				<openjoin>
					<openjointablename>TR_LTM_SLS_RTN</openjointablename>
					<openjoincolumnname>LN_ITM_EXP</openjoincolumnname>
					<operator>=</operator>
					<openjoinvalue>0</openjoinvalue>
				</openjoin>
				<openjoin>
					<openjointablename>TR_LTM_SLS_RTN</openjointablename>
					<openjoincolumnname>RE_SL_FLG</openjoincolumnname>
					<operator>!=</operator>
					<openjoinvalue>null</openjoinvalue>
				</openjoin>
				<openjoin>
					<openjointablename>TR_LTM_SLS_RTN</openjointablename>
					<openjoincolumnname>REF_TYP_DEL</openjoincolumnname>
					<operator>=</operator>
					<openjoinvalue>Warehouse Delivery</openjoinvalue>
				</openjoin>
				
				<!-- 
				((TR_LTM_SLS_RTN.ref_typ_del ='Warehouse Delivery')OR (TR_LTM_SLS_RTN.RE_FLG='CAN'))
				<openjoin>
					<openjointablename>TR_LTM_SLS_RTN</openjointablename>
					<openjoincolumnname>WHDEL_FLG</openjoincolumnname>
					<operator>=</operator>
					<openjoinvalue>1</openjoinvalue>
				</openjoin>
			 -->
			</association>
			
		</associations>

		<BatchUpdate>
			<Table name="TR_LTM_SLS_RTN" column="LN_ITM_EXP" value="1" whereselectcolumn="TR_LTM_SLS_RTN.AI_TRN||TR_LTM_SLS_RTN.ID_ITM"/>
		</BatchUpdate>

	</tables>

</export>
